AC_No,AC_Name,BJP_Votes_2021,Total_Electors_2021,TMC_Votes_2021,BJP_Vote_Share_2021,TMC_Vote_Share_2021,Total_Electors_2026,District,Muslim_Base_Score,Matua_Base_Score
1,Mekliganj,84653.0,226465.0,99338.0,0.3738016912105623,0.4386461484114543,224413,COOCHBEHAR,0.5,0.5
2,Mathabhanga,113249.0,248022.0,87115.0,0.4566086879389731,0.3512390029916701,248757,COOCHBEHAR,0.5,0.5
3,COOCHBEHAR UTTAR,120483.0,282988.0,105868.0,0.4257530354644013,0.3741077360170749,263078,COOCHBEHAR,0.5,0.5
4,Coochbehar Dakshin,91560.0,233839.0,86629.0,0.3915514520674481,0.3704642938089882,213968,COOCHBEHAR,0.5,0.5
5,Sitalkuchi,124955.0,285260.0,107140.0,0.4380389819813503,0.3755871836219589,285548,COOCHBEHAR,0.5,0.5
6,Sitai,107796.0,290568.0,117908.0,0.3709837284215743,0.405784532364197,273126,COOCHBEHAR,0.5,0.5
7,Dinhata,116035.0,299251.0,115978.0,0.3877514193770447,0.3875609438230782,277291,COOCHBEHAR,0.5,0.5
8,Natabari,111743.0,245040.0,88303.0,0.4560194253999347,0.3603615736206333,239923,COOCHBEHAR,0.5,0.5
9,Tufanganj,114503.0,234311.0,83305.0,0.4886795754360657,0.3555317505366799,237667,COOCHBEHAR,0.5,0.5
10,Kumargram,111974.0,272924.0,100973.0,0.4102753880201081,0.3699674634696838,259496,ALIPURDUAR,0.5,0.5
11,Kalchini,103104.0,247425.0,74528.0,0.4167080933616247,0.3012145094473072,221457,ALIPURDUAR,0.5,0.5
12,Alipurduars,107333.0,260652.0,91326.0,0.4117865966883047,0.3503752129275816,244331,ALIPURDUAR,0.5,0.5
13,Falakata,102993.0,254554.0,99003.0,0.4046017740832986,0.3889273002977757,245264,ALIPURDUAR,0.5,0.5
14,Madarihat,90718.0,212651.0,61033.0,0.426605094732684,0.2870101715957132,193958,ALIPURDUAR,0.5,0.5
15,Dhupguri,104688.0,263118.0,100333.0,0.3978747178072195,0.3813232085984235,258127,JALPAIGURI,0.5,0.5
16,Maynaguri,115306.0,264265.0,103395.0,0.4363271715891245,0.391254990255993,258545,JALPAIGURI,0.5,0.5
17,Jalpaiguri,94727.0,262500.0,95668.0,0.3608647619047619,0.3644495238095238,250381,JALPAIGURI,0.5,0.5
18,Rajganj,88868.0,244163.0,104641.0,0.3639699708801088,0.4285702583929588,230795,JALPAIGURI,0.5,0.5
19,Dabgram-Fulbari,129088.0,310354.0,101495.0,0.4159379289456556,0.3270297788976459,264380,JALPAIGURI,0.5,0.5
20,Mal,93621.0,255570.0,99086.0,0.3663223383026177,0.3877059122745236,237452,JALPAIGURI,0.5,0.5
21,Nagrakata,94722.0,237305.0,71247.0,0.3991572027559469,0.3002338762352247,220118,JALPAIGURI,0.5,0.5
25,Matigara-Naxalbari,139785.0,287565.0,68937.0,0.486098795055031,0.2397266704918887,268480,DARJEELING,0.5,0.5
26,Siliguri,89370.0,228406.0,53784.0,0.3912769366829243,0.2354754253390891,200779,DARJEELING,0.5,0.5
27,Phansidewa,105651.0,240496.0,77940.0,0.4393046038187745,0.3240802341826891,217298,DARJEELING,0.5,0.5
28,Chopra,60018.0,247764.0,124923.0,0.2422385818763016,0.5042015789218772,219236,UTTAR DINAJPUR,0.5,0.5
29,Islampur,62691.0,219728.0,100131.0,0.2853118400932061,0.4557043253477026,202217,UTTAR DINAJPUR,0.5,0.5
30,Goalpokhar,32135.0,224633.0,105649.0,0.1430555617384801,0.4703182524384218,199468,UTTAR DINAJPUR,0.5,0.5
31,Chakulia,52474.0,233378.0,86311.0,0.2248455295700537,0.3698334890178166,216095,UTTAR DINAJPUR,0.5,0.5
32,Karandighi,79968.0,262583.0,116594.0,0.3045437061805219,0.4440272218688947,231599,UTTAR DINAJPUR,0.5,0.5
33,Hemtabad,89210.0,265318.0,116425.0,0.3362380238053958,0.4388130469851273,246530,UTTAR DINAJPUR,0.5,0.5
34,Kaliaganj,116768.0,282575.0,94948.0,0.4132283464566929,0.3360099088737503,268281,UTTAR DINAJPUR,0.5,0.5
35,Raiganj,79775.0,198780.0,59027.0,0.4013230707314619,0.2969463728745347,174126,UTTAR DINAJPUR,0.5,0.5
36,Itahar,70670.0,229362.0,114645.0,0.3081155553230265,0.4998430428754545,211422,UTTAR DINAJPUR,0.5,0.5
37,Kushmandi,77384.0,219921.0,89968.0,0.3518718085130569,0.4090923558914337,205867,DAKSHIN DINAJPUR,0.5,0.5
38,Kumarganj,60396.0,203986.0,89763.0,0.2960791426862628,0.4400449050425029,180385,DAKSHIN DINAJPUR,0.5,0.5
39,Balurghat,72129.0,180390.0,58693.0,0.3998503242973557,0.3253672598259327,166912,DAKSHIN DINAJPUR,0.5,0.5
40,Tapan,84381.0,220236.0,82731.0,0.3831389963493706,0.3756470331825859,194914,DAKSHIN DINAJPUR,0.5,0.5
41,Gangarampur,88724.0,224040.0,84132.0,0.396018568112837,0.3755222281735404,200146,DAKSHIN DINAJPUR,0.5,0.5
42,Harirampur,73459.0,228189.0,96131.0,0.3219217403117591,0.421277975713115,211295,DAKSHIN DINAJPUR,0.5,0.5
43,Habibpur,94075.0,249557.0,74558.0,0.3769679872734485,0.2987614052100322,238230,MALDA,0.5,0.5
44,Gazole,100655.0,267096.0,98857.0,0.3768495222691467,0.3701178602450055,255085,MALDA,0.5,0.5
45,Chanchal,48628.0,249402.0,115966.0,0.1949783883048251,0.4649762231257167,244428,MALDA,0.5,0.5
46,Harischandrapur,45054.0,252487.0,122527.0,0.1784408702230213,0.4852804302795787,238850,MALDA,0.5,0.5
47,Malatipur,34208.0,231907.0,126157.0,0.1475074059860202,0.5439982406740633,212691,MALDA,0.5,0.5
48,Ratua,55024.0,282451.0,130674.0,0.1948090111205129,0.4626430779143993,246547,MALDA,0.5,0.5
49,Manikchak,76356.0,253353.0,110234.0,0.3013818664077394,0.4351004329927019,235765,MALDA,0.5,0.5
50,Maldaha,93398.0,245962.0,77942.0,0.3797253234239435,0.3168863482977045,231348,MALDA,0.5,0.5
51,English Bazar,107755.0,275296.0,87656.0,0.3914150587004533,0.3184063698709752,249137,MALDA,0.5,0.5
52,Mothabari,40824.0,196324.0,97397.0,0.2079419734724231,0.4961033801267293,169347,MALDA,0.5,0.5
53,Sujapur,14789.0,251186.0,152445.0,0.0588766889874435,0.6069008623092051,236443,MALDA,0.5,0.5
54,Baisnabnagar,80590.0,246956.0,83061.0,0.3263334359157097,0.3363392669139441,233865,MALDA,0.5,0.5
55,Farakka,42374.0,227549.0,102319.0,0.1862192319017002,0.4496569969545021,181659,MURSHIDABAD,0.5,0.5
56,Samserganj,10800.0,235576.0,96417.0,0.0458450775970387,0.4092819302475634,161435,MURSHIDABAD,0.5,0.5
57,Suti,56650.0,265418.0,127351.0,0.2134369183702688,0.4798129742519347,229208,MURSHIDABAD,0.5,0.5
58,Jangipur,43964.0,255064.0,136444.0,0.1723645830066179,0.5349402502901233,220859,MURSHIDABAD,0.5,0.5
59,RaghunathGanj,28521.0,249559.0,126834.0,0.1142855997980437,0.5082325221691063,200452,MURSHIDABAD,0.5,0.5
60,Sagardighi,44983.0,236885.0,95189.0,0.1898938303396162,0.4018363340861599,216977,MURSHIDABAD,0.5,0.5
61,Lalgola,29464.0,234381.0,107860.0,0.1257098484945452,0.4601908857799907,186182,MURSHIDABAD,0.5,0.5
62,Bhagawangola,16707.0,263765.0,153795.0,0.0633404735275719,0.5830758440278277,224618,MURSHIDABAD,0.5,0.5
63,Raninagar,21138.0,256101.0,134957.0,0.0825377487788021,0.5269678759551896,244391,MURSHIDABAD,0.5,0.5
64,Murshidabad,95967.0,268221.0,93476.0,0.3577907770085116,0.3485036592958791,248269,MURSHIDABAD,0.5,0.5
65,Nabagram,64922.0,251378.0,100455.0,0.2582644463715997,0.3996173093906388,243025,MURSHIDABAD,0.5,0.5
66,Khargram,60682.0,228923.0,93255.0,0.2650760299314617,0.4073640481734032,230464,MURSHIDABAD,0.5,0.5
67,Burwan,79141.0,217500.0,81890.0,0.3638666666666666,0.3765057471264368,214003,MURSHIDABAD,0.5,0.5
68,Kandi,57319.0,238973.0,95399.0,0.2398555485347717,0.3992040941863725,233024,MURSHIDABAD,0.5,0.5
69,Bharatpur,53143.0,243603.0,96226.0,0.2181541278227279,0.3950115556869168,239184,MURSHIDABAD,0.5,0.5
70,Rejinagar,50226.0,259771.0,118494.0,0.1933472173568258,0.4561479148942722,256267,MURSHIDABAD,0.5,0.5
71,Beldanga,59030.0,252944.0,112862.0,0.233371813523942,0.4461936238851287,243984,MURSHIDABAD,0.5,0.5
72,Baharampur,89340.0,260667.0,62488.0,0.3427361346085235,0.2397234786144775,240830,MURSHIDABAD,0.5,0.5
73,Hariharpara,18378.0,247421.0,102660.0,0.0742782544731449,0.414920318000493,245484,MURSHIDABAD,0.5,0.5
74,Nowda,43531.0,247688.0,117684.0,0.1757493298020089,0.4751300022609089,235737,MURSHIDABAD,0.5,0.5
75,Domkal,12348.0,266283.0,127671.0,0.0463717173082772,0.4794560674169962,267374,MURSHIDABAD,0.5,0.5
76,Jalangi,43773.0,261258.0,123840.0,0.167547022483522,0.4740141928668213,262787,MURSHIDABAD,0.5,0.5
77,Karimpur,87336.0,251039.0,110911.0,0.3478981353494875,0.4418078465895737,252844,NADIA,0.5,0.5
78,Tehatta,90933.0,252454.0,97848.0,0.3601963129916737,0.3875874416725423,252431,NADIA,0.5,0.5
79,Palashipara,58938.0,244867.0,110274.0,0.2406939277240297,0.4503424307889589,231620,NADIA,0.5,0.5
80,Kaliganj,64709.0,248358.0,111696.0,0.2605472744989088,0.4497378783852342,232460,NADIA,0.5,0.5
81,Nakashipara,83541.0,247691.0,104812.0,0.3372791098586545,0.4231562713219293,218669,NADIA,0.5,0.5
82,Chapra,58168.0,248014.0,73866.0,0.2345351472094317,0.297829961211867,232057,NADIA,0.5,0.5
83,Krishnanagar Uttar,109357.0,238220.0,74268.0,0.4590588531609437,0.3117622365880279,216456,NADIA,0.5,0.5
84,Nabadwip,83599.0,243159.0,102170.0,0.3438038485106452,0.4201777437808183,230011,NADIA,0.5,0.5
85,Krishnanagar Dakshin,82433.0,225118.0,91738.0,0.3661768494744978,0.4075107277072469,209781,NADIA,0.5,0.5
86,Santipur,109722.0,255619.0,93844.0,0.4292403929285381,0.3671245095239399,227477,NADIA,0.5,0.5
87,Ranaghat Uttar Paschim,113637.0,265846.0,90509.0,0.4274542404249076,0.3404565048938107,232716,NADIA,0.5,0.5
88,Krishnaganj,117668.0,273728.0,96391.0,0.4298719897124152,0.3521415419686696,253036,NADIA,0.5,0.5
89,Ranaghat Uttar Purba,116786.0,264929.0,85004.0,0.4408199932812187,0.3208557764533139,232399,NADIA,0.5,0.5
90,Ranaghat Dakshin,119260.0,285180.0,102745.0,0.4181920190756715,0.3602812258924188,253346,NADIA,0.5,0.5
91,Chakdaha,99368.0,245514.0,87688.0,0.4047345568888129,0.357160895101705,223981,NADIA,0.5,0.5
92,Kalyani,97026.0,257683.0,94820.0,0.3765324060958619,0.3679714998661145,230489,NADIA,0.5,0.5
93,Haringhata,97666.0,240606.0,82466.0,0.4059167269311655,0.3427429074919162,225109,NADIA,0.5,0.5
94,Bagda,108111.0,277464.0,98319.0,0.3896397370469682,0.3543486722601851,240989,NORTH 24 PARGANAS,0.5,0.5
95,Bangaon Uttar,97761.0,251387.0,87273.0,0.3888864579313966,0.3471659234566624,225962,NORTH 24 PARGANAS,0.5,0.5
96,Bangaon Dakshin,97828.0,248278.0,95824.0,0.3940260514423348,0.3859544542810881,228359,NORTH 24 PARGANAS,0.5,0.5
97,Gaighata,100808.0,252053.0,91230.0,0.3999476300619314,0.3619476856058051,222723,NORTH 24 PARGANAS,0.5,0.5
98,Swarupnagar,64984.0,246109.0,99784.0,0.2640456058088083,0.4054463672600352,228965,NORTH 24 PARGANAS,0.5,0.5
99,Baduria,53257.0,243747.0,109701.0,0.2184929455542017,0.4500609238267548,236162,NORTH 24 PARGANAS,0.5,0.5
100,Habra,86692.0,242425.0,90533.0,0.3576033824894297,0.3734474579766938,208822,NORTH 24 PARGANAS,0.5,0.5
101,Ashoknagar,70055.0,257180.0,93587.0,0.272396764911735,0.3638968815615522,229506,NORTH 24 PARGANAS,0.5,0.5
102,Amdanga,63455.0,242462.0,88935.0,0.2617111134940733,0.3667997459395699,221207,NORTH 24 PARGANAS,0.5,0.5
103,Bijpur,53278.0,192316.0,66625.0,0.2770336321470912,0.3464350340065309,158096,NORTH 24 PARGANAS,0.5,0.5
104,Naihati,58898.0,193930.0,77753.0,0.3037075233331615,0.4009333264580003,170581,NORTH 24 PARGANAS,0.5,0.5
105,Bhatpara,57244.0,154037.0,43557.0,0.3716249991885066,0.282769724157183,117195,NORTH 24 PARGANAS,0.5,0.5
106,Jagatdal,68666.0,233871.0,87030.0,0.2936063043301649,0.372128224534038,195630,NORTH 24 PARGANAS,0.5,0.5
107,Noapara,67493.0,262153.0,94203.0,0.2574565234805628,0.3593435894305997,213727,NORTH 24 PARGANAS,0.5,0.5
108,Barrackpur,59665.0,215356.0,68887.0,0.2770528798826129,0.319874997678263,170646,NORTH 24 PARGANAS,0.5,0.5
109,Khardaha,61667.0,232619.0,89807.0,0.2650987236640171,0.3860690657254996,209855,NORTH 24 PARGANAS,0.5,0.5
110,Dum Dum Uttar,66966.0,273015.0,95465.0,0.2452832261963628,0.3496694320824863,240341,NORTH 24 PARGANAS,0.5,0.5
111,Panihati,61318.0,230748.0,86495.0,0.2657357810251876,0.3748461525126978,189714,NORTH 24 PARGANAS,0.5,0.5
112,Kamarhati,38437.0,197103.0,73845.0,0.1950097157323835,0.3746518317833823,162646,NORTH 24 PARGANAS,0.5,0.5
113,Baranagar,50468.0,217774.0,85615.0,0.231744836390019,0.3931369217629285,186541,NORTH 24 PARGANAS,0.5,0.5
114,Dum Dum,61268.0,247858.0,87999.0,0.2471899232625132,0.3550379652865754,217541,NORTH 24 PARGANAS,0.5,0.5
115,Rajarhat New Town,70942.0,289075.0,127374.0,0.2454103606330537,0.4406261350860503,267645,NORTH 24 PARGANAS,0.5,0.5
116,Bidhannagar,67915.0,243360.0,75912.0,0.2790721564760026,0.3119329388560158,203877,NORTH 24 PARGANAS,0.5,0.5
117,Rajarhat Gopalpur,62354.0,257447.0,87650.0,0.2422013074535729,0.3404584244524116,218890,NORTH 24 PARGANAS,0.5,0.5
118,Madhyamgram,64615.0,272397.0,112741.0,0.2372089266768723,0.4138848812578699,244485,NORTH 24 PARGANAS,0.5,0.5
119,Barasat,80648.0,279592.0,104431.0,0.2884488826575868,0.3735121176571576,252439,NORTH 24 PARGANAS,0.5,0.5
120,Deganga,38446.0,242652.0,100105.0,0.1584408947793548,0.4125455384666106,240007,NORTH 24 PARGANAS,0.5,0.5
121,Haroa,38506.0,259206.0,130398.0,0.1485536600233019,0.503067058632902,243400,NORTH 24 PARGANAS,0.5,0.5
122,Minakhan,53988.0,236528.0,109818.0,0.2282520462693634,0.4642917540418048,222011,NORTH 24 PARGANAS,0.5,0.5
123,Sandeshkhali,72765.0,238633.0,112450.0,0.304924297980581,0.4712256896573399,223269,NORTH 24 PARGANAS,0.5,0.5
124,Basirhat Dakshin,91405.0,275934.0,115873.0,0.331256749802489,0.4199301282190669,260361,NORTH 24 PARGANAS,0.5,0.5
125,Basirhat Uttar,47505.0,268034.0,137216.0,0.1772349776520889,0.5119350530156622,245388,NORTH 24 PARGANAS,0.5,0.5
126,Hingalganj,79790.0,228508.0,104706.0,0.3491781469357747,0.4582159049136135,215122,NORTH 24 PARGANAS,0.5,0.5
127,Gosaba,82014.0,230348.0,105723.0,0.3560438987966034,0.4589707746540017,221332,SOUTH 24  PARGANAS,0.5,0.5
128,Basanti,60811.0,260681.0,111453.0,0.233277454053038,0.4275455441708448,240303,SOUTH 24  PARGANAS,0.5,0.5
129,Kultali,70061.0,265561.0,117238.0,0.2638226245570697,0.4414729572489936,261736,SOUTH 24  PARGANAS,0.5,0.5
130,Patharpratima,98047.0,263675.0,120181.0,0.3718479188394804,0.4557921683891154,257704,SOUTH 24  PARGANAS,0.5,0.5
131,Kakdwip,89191.0,247826.0,114493.0,0.3598936350503983,0.4619894603471791,241720,SOUTH 24  PARGANAS,0.5,0.5
132,Sagar,99154.0,274715.0,129000.0,0.3609340589338041,0.4695775622008263,274103,SOUTH 24  PARGANAS,0.5,0.5
133,Kulpi,62759.0,220144.0,96577.0,0.2850815829638782,0.438699215059234,216620,SOUTH 24  PARGANAS,0.5,0.5
134,Raidighi,80139.0,273558.0,115707.0,0.2929506722523194,0.4229706314565832,267846,SOUTH 24  PARGANAS,0.5,0.5
135,Mandirbazar,72342.0,229129.0,95834.0,0.3157260757040793,0.4182534729344605,222090,SOUTH 24  PARGANAS,0.5,0.5
136,Jaynagar,66269.0,239968.0,104952.0,0.2761576543539139,0.4373583144419256,227238,SOUTH 24  PARGANAS,0.5,0.5
137,Baruipur Purba,73602.0,265091.0,123243.0,0.2776480529327665,0.4649082767804263,245106,SOUTH 24  PARGANAS,0.5,0.5
138,Canning Paschim,75816.0,257681.0,111059.0,0.2942242540195047,0.4309941361606016,238236,SOUTH 24  PARGANAS,0.5,0.5
139,Canning Purba,34503.0,262349.0,122301.0,0.1315156528136185,0.4661767340451078,246673,SOUTH 24  PARGANAS,0.5,0.5
140,Baruipur Paschim,59096.0,253749.0,121006.0,0.2328915581933328,0.4768728152623261,233097,SOUTH 24  PARGANAS,0.5,0.5
141,Magrahat Purba,56866.0,242530.0,110945.0,0.2344699624788686,0.4574485630643631,232589,SOUTH 24  PARGANAS,0.5,0.5
142,Magrahat Paschim,50065.0,229437.0,97006.0,0.2182080483967276,0.4228001586492153,217022,SOUTH 24  PARGANAS,0.5,0.5
143,Diamond Harbour,81482.0,255132.0,98478.0,0.3193719329601931,0.3859884295188373,245097,SOUTH 24  PARGANAS,0.5,0.5
144,Falta,76405.0,236768.0,117179.0,0.3226998580889309,0.4949106298148398,236444,SOUTH 24  PARGANAS,0.5,0.5
145,Satgachhia,95317.0,270193.0,118635.0,0.3527737580174171,0.4390750315515205,256251,SOUTH 24  PARGANAS,0.5,0.5
146,Bishnupur,77677.0,278650.0,136509.0,0.2787618876727077,0.489894132424188,268266,SOUTH 24  PARGANAS,0.5,0.5
147,Sonarpur Dakshin,83041.0,288263.0,109222.0,0.2880737382182243,0.378897048875506,260993,SOUTH 24  PARGANAS,0.5,0.5
148,Bhangar,38726.0,271897.0,83086.0,0.1424289344862208,0.3055789508527126,272711,SOUTH 24  PARGANAS,0.5,0.5
149,Kasba,57750.0,306266.0,121372.0,0.1885615771910692,0.3962960302482156,265616,SOUTH 24  PARGANAS,0.5,0.5
150,Jadavpur,53139.0,299818.0,98100.0,0.1772375240979527,0.3271985004235903,260821,SOUTH 24  PARGANAS,0.5,0.5
151,Sonarpur Uttar,83867.0,300330.0,119957.0,0.2792494922252189,0.3994173076282755,273219,SOUTH 24  PARGANAS,0.5,0.5
152,Tollyganj,51360.0,269713.0,101440.0,0.1904246365581192,0.3761034877814566,229994,SOUTH 24  PARGANAS,0.5,0.5
153,Behala Purba,73540.0,308285.0,110968.0,0.2385455017272978,0.3599526412248406,259752,SOUTH 24  PARGANAS,0.5,0.5
154,Behala Paschim,63894.0,313198.0,114778.0,0.2040051341324018,0.3664710502621345,266173,SOUTH 24  PARGANAS,0.5,0.5
155,Maheshtala,66059.0,271007.0,124008.0,0.2437538513765327,0.4575822764725634,243365,SOUTH 24  PARGANAS,0.5,0.5
156,Budge Budge,77643.0,256136.0,122357.0,0.3031319299122341,0.477703251397695,229907,SOUTH 24  PARGANAS,0.5,0.5
157,Metiaburuz,31462.0,256315.0,151066.0,0.1227474006593449,0.5893763533152566,189494,SOUTH 24  PARGANAS,0.5,0.5
158,Kolkata Port,36989.0,235933.0,105543.0,0.1567775597309405,0.4473431016432631,171615,KOLKATA SOUTH,0.5,0.5
159,Bhabanipur,44786.0,206389.0,73505.0,0.2169979989243612,0.35614785671717,160313,KOLKATA SOUTH,0.5,0.5
160,Rashbehari,44290.0,206013.0,65704.0,0.2149864328950115,0.3189313295762889,158406,KOLKATA SOUTH,0.5,0.5
161,Ballygunge,31226.0,247662.0,106585.0,0.1260831294263956,0.4303647713415865,188839,KOLKATA SOUTH,0.5,0.5
162,Chowrangee,24757.0,208201.0,70101.0,0.118909131080062,0.3366986709958165,126349,KOLKATA NORTH,0.5,0.5
163,Entally,43452.0,230814.0,101709.0,0.1882554784371831,0.4406535132184356,178877,KOLKATA NORTH,0.5,0.5
164,Beleghata,36042.0,250881.0,103182.0,0.1436617360421873,0.4112786540232221,190599,KOLKATA NORTH,0.5,0.5
165,Jorasanko,39380.0,197950.0,52123.0,0.1989391260419298,0.2633139681737813,122686,KOLKATA NORTH,0.5,0.5
166,Shyampukur,33265.0,176557.0,55785.0,0.1884094088594618,0.3159602847805524,131819,KOLKATA NORTH,0.5,0.5
167,Maniktala,47339.0,211308.0,67577.0,0.2240284324303859,0.3198033202718306,165906,KOLKATA NORTH,0.5,0.5
168,Kashipur-Belgachhia,40792.0,223714.0,76182.0,0.182339951902876,0.3405330019578569,167936,KOLKATA NORTH,0.5,0.5
169,Bally,47110.0,176197.0,53347.0,0.2673711811211314,0.3027690596321163,133573,HOWRAH,0.5,0.5
170,Howrah Uttar,66053.0,218547.0,71575.0,0.3022370474085666,0.3275039236411389,149948,HOWRAH,0.5,0.5
171,Howrah Madhya,65007.0,266542.0,111554.0,0.2438902687006175,0.4185231595771023,214821,HOWRAH,0.5,0.5
172,Shibpur,59769.0,233676.0,92372.0,0.2557772300107842,0.3952994744860405,194963,HOWRAH,0.5,0.5
173,Howrah Dakshin,66270.0,294243.0,116839.0,0.2252220103791763,0.3970833630706593,240607,HOWRAH,0.5,0.5
174,Sankrail,71461.0,277076.0,111888.0,0.257911186822388,0.4038170032770792,240252,HOWRAH,0.5,0.5
175,Panchla,71821.0,266183.0,104572.0,0.2698181326380723,0.3928575453729201,248497,HOWRAH,0.5,0.5
176,Uluberia Purba,69400.0,233764.0,86526.0,0.2968806146369843,0.370142536917575,218481,HOWRAH,0.5,0.5
177,Uluberia Uttar,70498.0,224423.0,91501.0,0.3141300134121725,0.4077166778806094,214671,HOWRAH,0.5,0.5
178,Uluberia Dakshin,73442.0,237620.0,101880.0,0.3090733103274135,0.4287517885699857,237057,HOWRAH,0.5,0.5
179,Shyampur,83293.0,257593.0,114804.0,0.3233511780211419,0.4456798127278303,259278,HOWRAH,0.5,0.5
180,Bagnan,75922.0,231216.0,106042.0,0.3283596290914123,0.4586274306276382,230578,HOWRAH,0.5,0.5
181,Amta,76240.0,261881.0,102445.0,0.2911245947586881,0.39118912788633,256982,HOWRAH,0.5,0.5
182,Udaynarayanpur,87512.0,235467.0,101510.0,0.3716529280111438,0.4311007487248744,229091,HOWRAH,0.5,0.5
183,Jagatballavpur,87366.0,288158.0,116562.0,0.3031878344519326,0.4045072494950686,270806,HOWRAH,0.5,0.5
184,Domjur,87879.0,299250.0,130499.0,0.2936641604010025,0.4360868838763576,269236,HOWRAH,0.5,0.5
185,Uttarpara,57889.0,259814.0,93878.0,0.2228093944129261,0.3613277190605587,228272,HOOGHLY,0.5,0.5
186,Sreerampur,69588.0,252758.0,93021.0,0.2753147279215692,0.368023959676845,205662,HOOGHLY,0.5,0.5
187,Champdani,70894.0,263372.0,100972.0,0.2691781966192306,0.3833816806646112,221952,HOOGHLY,0.5,0.5
188,Singur,75154.0,246867.0,101077.0,0.3044311309328504,0.4094390906844576,237388,HOOGHLY,0.5,0.5
189,Chandannagar,55749.0,229572.0,86778.0,0.2428388479431289,0.3779990591187078,203451,HOOGHLY,0.5,0.5
190,Chunchura,98687.0,314274.0,117104.0,0.3140157951341822,0.3726175248350166,275715,HOOGHLY,0.5,0.5
191,Balagarh,94580.0,258955.0,100364.0,0.3652372033751038,0.3875731304666834,240088,HOOGHLY,0.5,0.5
192,Pandua,71016.0,270503.0,102874.0,0.2625331327194153,0.3803063182293726,249081,HOOGHLY,0.5,0.5
193,Saptagram,83556.0,234840.0,93328.0,0.355799693408278,0.3974110032362459,210370,HOOGHLY,0.5,0.5
194,Chanditala,61771.0,263257.0,103118.0,0.234641434035942,0.3917008854465408,246543,HOOGHLY,0.5,0.5
195,Jangipara,83959.0,257025.0,101885.0,0.3266569399863826,0.3964011282949129,251069,HOOGHLY,0.5,0.5
196,Haripal,87143.0,269649.0,110215.0,0.3231719754198977,0.4087350592807687,264175,HOOGHLY,0.5,0.5
197,Dhanekhali,94617.0,271518.0,124776.0,0.3484741343115373,0.4595496431175833,262689,HOOGHLY,0.5,0.5
198,Tarakeswar,89214.0,239820.0,96698.0,0.3720040030022516,0.4032107413893753,235441,HOOGHLY,0.5,0.5
199,Pursurah,119334.0,259988.0,91156.0,0.4589981076049664,0.3506161822853362,259590,HOOGHLY,0.5,0.5
200,Arambag,103108.0,257621.0,95936.0,0.4002313475997686,0.3723920022047892,253260,HOOGHLY,0.5,0.5
201,Goghat,102227.0,246570.0,98080.0,0.4145962606967595,0.3977775074015492,248076,HOOGHLY,0.5,0.5
202,Khanakul,107403.0,277259.0,94519.0,0.3873742601682903,0.340905074316794,268570,HOOGHLY,0.5,0.5
203,Tamluk,107450.0,266881.0,108243.0,0.4026138990786155,0.4055852608465946,274508,PURBO MEDINIPUR,0.5,0.5
204,Panskura Purba,81553.0,236306.0,91213.0,0.3451160783052482,0.3859952773099286,238519,PURBO MEDINIPUR,0.5,0.5
205,Panskura Paschim,102816.0,274092.0,111705.0,0.3751149249157217,0.4075456416093866,278744,PURBO MEDINIPUR,0.5,0.5
206,Moyna,108109.0,255164.0,106849.0,0.4236843755388691,0.418746374880469,264971,PURBO MEDINIPUR,0.5,0.5
207,Nandakumar,102775.0,253829.0,108181.0,0.4048985734490543,0.4261963763005803,264437,PURBO MEDINIPUR,0.5,0.5
208,Mahisadal,99600.0,245266.0,101986.0,0.4060897148402143,0.4158179282901013,253523,PURBO MEDINIPUR,0.5,0.5
209,Haldia,104126.0,251051.0,89118.0,0.4147603474991137,0.3549796654862956,251919,PURBO MEDINIPUR,0.5,0.5
210,Nandigram,110764.0,257999.0,108808.0,0.4293194934864088,0.4217380687522045,266415,PURBO MEDINIPUR,0.5,0.5
211,Chandipur,96298.0,245775.0,109770.0,0.3918136506967755,0.4466280134269149,255924,PURBO MEDINIPUR,0.5,0.5
212,Patashpur,95305.0,236413.0,105299.0,0.4031292695410151,0.4454027485798158,247037,PURBO MEDINIPUR,0.5,0.5
213,Kanthi Uttar,113524.0,257427.0,104194.0,0.4409949228324923,0.4047516383285358,263602,PURBO MEDINIPUR,0.5,0.5
214,Bhagabanpur,121480.0,254184.0,93931.0,0.477921505680924,0.3695393887892235,263775,PURBO MEDINIPUR,0.5,0.5
215,Khejuri,110407.0,238630.0,92442.0,0.4626702426350417,0.3873863303021413,247976,PURBO MEDINIPUR,0.5,0.5
216,Kanthi Dakshin,98477.0,224657.0,88184.0,0.4383437863053455,0.392527274912422,227954,PURBO MEDINIPUR,0.5,0.5
217,Ramnagar,100105.0,264900.0,112622.0,0.3778973197432994,0.4251491128727822,269252,PURBO MEDINIPUR,0.5,0.5
218,Egra,107272.0,284614.0,125763.0,0.3769034552059983,0.4418721496482956,291598,PURBO MEDINIPUR,0.5,0.5
219,Dantan,94586.0,233841.0,95209.0,0.4044885199772495,0.4071527234317335,236168,PASCHIM MEDINIPUR,0.5,0.5
220,Nayagram,78149.0,226791.0,100903.0,0.3445859844526458,0.4449162444717824,226894,JHARGRAM,0.5,0.5
221,Gopiballavpur,80347.0,226417.0,104115.0,0.3548629299036733,0.4598373797020542,227793,JHARGRAM,0.5,0.5
222,Jhargram,71253.0,236035.0,109493.0,0.3018747219691994,0.463884593386574,235147,JHARGRAM,0.5,0.5
223,Keshiary,91036.0,238835.0,106366.0,0.3811669143969686,0.445353486716771,238769,PASCHIM MEDINIPUR,0.5,0.5
224,Kharagpur Sadar,79607.0,234672.0,75836.0,0.3392266653030613,0.3231574282402673,180530,PASCHIM MEDINIPUR,0.5,0.5
225,Narayangarh,98478.0,243832.0,100894.0,0.4038764395157321,0.4137849010794317,239064,PASCHIM MEDINIPUR,0.5,0.5
226,Sabang,102234.0,264783.0,112098.0,0.3861048481209141,0.4233579950374457,274383,PASCHIM MEDINIPUR,0.5,0.5
227,Pingla,105779.0,255054.0,112435.0,0.4147317822892407,0.440828216769782,255892,PASCHIM MEDINIPUR,0.5,0.5
228,Kharagpur,73497.0,227081.0,109727.0,0.323659839440552,0.4832064329468339,218142,PASCHIM MEDINIPUR,0.5,0.5
229,Debra,84624.0,234184.0,95850.0,0.3613568817681822,0.4092935469545314,231898,PASCHIM MEDINIPUR,0.5,0.5
230,Daspur,87911.0,298096.0,114753.0,0.2949083516719446,0.3849531694487682,296045,PASCHIM MEDINIPUR,0.5,0.5
231,Ghatal,105812.0,279908.0,104846.0,0.378024207954042,0.3745730740100318,276569,PASCHIM MEDINIPUR,0.5,0.5
232,Chandrakona,110565.0,279867.0,121846.0,0.3950626547610115,0.4353710869806015,282820,PASCHIM MEDINIPUR,0.5,0.5
233,Garbeta,84356.0,232046.0,94928.0,0.363531368780328,0.4090913008627599,232881,PASCHIM MEDINIPUR,0.5,0.5
234,Salboni,93376.0,276940.0,126020.0,0.3371705062468405,0.4550444139524807,279304,PASCHIM MEDINIPUR,0.5,0.5
235,Keshpur,96272.0,261529.0,116992.0,0.3681121405274367,0.4473385360705696,268034,PASCHIM MEDINIPUR,0.5,0.5
236,Medinipur,96778.0,280060.0,121175.0,0.3455616653574234,0.4326751410412054,260295,PASCHIM MEDINIPUR,0.5,0.5
237,Binpur,60783.0,224036.0,100277.0,0.2713090753271795,0.4475932439429377,221125,JHARGRAM,0.5,0.5
238,Bandwan,94506.0,284840.0,113337.0,0.33178626597388,0.397897065018958,285966,PURULIA,0.5,0.5
239,Balarampur,89521.0,238113.0,89098.0,0.3759601533725584,0.3741836858970321,235388,PURULIA,0.5,0.5
242,Purulia,89733.0,258947.0,82715.0,0.3465303710797962,0.3194282999996138,251816,PURULIA,0.5,0.5
243,Manbazar,87782.0,253708.0,103298.0,0.3459961845901587,0.4071531051444968,255460,PURULIA,0.5,0.5
244,Kashipur,92938.0,238871.0,85551.0,0.3890719258511916,0.3581472845175848,229552,PURULIA,0.5,0.5
245,Para,87347.0,243906.0,83340.0,0.3581174714849163,0.3416890113404344,236120,PURULIA,0.5,0.5
246,Raghunathpur,95770.0,259434.0,90332.0,0.3691497644873069,0.3481887493543637,254023,PURULIA,0.5,0.5
247,Saltora,91648.0,232517.0,87503.0,0.3941561262187281,0.3763294726837177,233175,BANKURA,0.5,0.5
248,Chhatna,90233.0,242270.0,83069.0,0.3724480951005077,0.3428777809881537,242151,BANKURA,0.5,0.5
249,Ranibandh,86989.0,253359.0,90928.0,0.3433428455274926,0.3588899545703922,254570,BANKURA,0.5,0.5
250,Raipur,81645.0,224604.0,101043.0,0.3635064379975423,0.4498717743228081,224120,BANKURA,0.5,0.5
251,Taldangra,79649.0,233291.0,92026.0,0.3414147995422026,0.3944687107518078,235685,BANKURA,0.5,0.5
252,Bankura,95466.0,269829.0,93998.0,0.3538018522842244,0.3483613696081592,260886,BANKURA,0.5,0.5
253,Barjora,90021.0,250729.0,93290.0,0.3590370479681249,0.3720750292148096,251402,BANKURA,0.5,0.5
254,Onda,104940.0,256906.0,93389.0,0.4084762520143554,0.3635142814881708,262408,BANKURA,0.5,0.5
255,Bishnupur,89689.0,219284.0,78269.0,0.4090084091862607,0.3569298261615074,220284,BANKURA,0.5,0.5
256,Katulpur,106022.0,246785.0,94237.0,0.4296128208764714,0.3818587029195454,253697,BANKURA,0.5,0.5
257,Indus,104936.0,242938.0,97716.0,0.4319455992887074,0.4022260823749269,245267,BANKURA,0.5,0.5
258,Sonamukhi,98161.0,233059.0,87273.0,0.4211851934488692,0.3744674095400735,235770,BANKURA,0.5,0.5
259,Khandaghosh,83378.0,242730.0,104264.0,0.3435010093519548,0.4295472335516829,233679,PURBA BARDHAMAN,0.5,0.5
260,Bardhaman Dakshin,82910.0,257940.0,91015.0,0.32143134062185,0.3528533767542839,221961,PURBA BARDHAMAN,0.5,0.5
261,Raina,90547.0,258742.0,108752.0,0.3499509163568342,0.4203105796507718,246060,PURBA BARDHAMAN,0.5,0.5
262,Jamalpur,79028.0,235973.0,96999.0,0.3349027219215758,0.4110597398854954,225468,PURBA BARDHAMAN,0.5,0.5
263,Monteswar,73655.0,242229.0,105460.0,0.3040717667991859,0.4353731386415334,216764,PURBA BARDHAMAN,0.5,0.5
264,Kalna,88595.0,241471.0,96073.0,0.3668970601024554,0.3978655822024177,226370,PURBA BARDHAMAN,0.5,0.5
265,Memari,81773.0,254236.0,104851.0,0.3216420963199546,0.4124160229078494,239601,PURBA BARDHAMAN,0.5,0.5
266,Bardhaman Uttar,93943.0,277026.0,111211.0,0.339112574271007,0.4014460736537364,260360,PURBA BARDHAMAN,0.5,0.5
267,Bhatar,76287.0,246694.0,108028.0,0.3092373547796055,0.4379028269840369,226642,PURBA BARDHAMAN,0.5,0.5
268,Purbasthali Dakshin,88288.0,248533.0,105698.0,0.355236527945987,0.4252875875638245,232577,PURBA BARDHAMAN,0.5,0.5
269,Purbasthali Uttar,85715.0,252626.0,92421.0,0.3392960344540942,0.3658412039932548,239480,PURBA BARDHAMAN,0.5,0.5
270,Katwa,98739.0,267738.0,107894.0,0.3687896376308182,0.4029835137335754,256811,PURBA BARDHAMAN,0.5,0.5
271,Ketugram,87543.0,258310.0,100226.0,0.3389067399636096,0.388006658665944,234035,PURBA BARDHAMAN,0.5,0.5
272,Mangalkot,85259.0,251003.0,107596.0,0.339673230997239,0.4286641992326785,231984,PURBA BARDHAMAN,0.5,0.5
273,Ausgram,88577.0,246956.0,100392.0,0.3586752295955555,0.4065177602487893,236010,PURBA BARDHAMAN,0.5,0.5
274,Galsi,90242.0,256642.0,109504.0,0.3516260004208196,0.4266799666461452,243955,PURBA BARDHAMAN,0.5,0.5
275,Pandabeswar,70119.0,211960.0,73922.0,0.3308124174372523,0.3487544819777316,188390,PASCHIM BARDHAMAN,0.5,0.5
276,Durgapur Purba,75557.0,256531.0,79303.0,0.2945336041258171,0.3091361277974201,237127,PASCHIM BARDHAMAN,0.5,0.5
277,Durgapur Paschim,91186.0,269303.0,76522.0,0.3386000155958159,0.2841483384886169,238700,PASCHIM BARDHAMAN,0.5,0.5
278,Raniganj,74608.0,250813.0,78164.0,0.2974646449745428,0.3116425384649121,215994,PASCHIM BARDHAMAN,0.5,0.5
279,Jamuria,62951.0,221419.0,71002.0,0.2843071281145701,0.320668054683654,196545,PASCHIM BARDHAMAN,0.5,0.5
280,Asansol Dakshin,87881.0,274245.0,83394.0,0.3204470455249867,0.3040857627304053,239030,PASCHIM BARDHAMAN,0.5,0.5
281,Asansol Uttar,79821.0,275796.0,100931.0,0.2894204411956663,0.3659625230242643,236858,PASCHIM BARDHAMAN,0.5,0.5
282,Kulti,81112.0,251671.0,80433.0,0.3222937883188766,0.3195958215289008,210553,PASCHIM BARDHAMAN,0.5,0.5
283,Barabani,64973.0,225596.0,88430.0,0.2880059930140605,0.3919839004237663,201898,PASCHIM BARDHAMAN,0.5,0.5
284,Dubrajpur,98083.0,241742.0,94220.0,0.4057342125075494,0.3897543662251491,231503,BIRBHUM,0.5,0.5
285,Suri,98551.0,263557.0,105871.0,0.3739267027625902,0.4017005808990085,252071,BIRBHUM,0.5,0.5
286,Bolpur,94163.0,273896.0,116443.0,0.343791073984286,0.4251358179747057,260112,BIRBHUM,0.5,0.5
287,Nanoor,105446.0,276777.0,112116.0,0.3809781882165064,0.4050770114568768,269082,BIRBHUM,0.5,0.5
288,Labpur,90448.0,240044.0,108423.0,0.37679758710903,0.4516796920564563,234630,BIRBHUM,0.5,0.5
289,Sainthia,95329.0,255959.0,110572.0,0.3724385546122621,0.4319910610683742,251997,BIRBHUM,0.5,0.5
290,Mayureswar,88350.0,230682.0,100425.0,0.382994772023825,0.4353395583530574,225874,BIRBHUM,0.5,0.5
291,Rampurhat,94804.0,260812.0,103276.0,0.3634955446835268,0.3959787126359216,245159,BIRBHUM,0.5,0.5
292,Hansan,57676.0,248113.0,108289.0,0.2324585974938838,0.4364503270687146,237273,BIRBHUM,0.5,0.5
293,Nalhati,60533.0,244837.0,117438.0,0.2472379583151239,0.479657894844325,231681,BIRBHUM,0.5,0.5
294,Murarai,48250.0,263200.0,146496.0,0.1833206686930091,0.556595744680851,252004,BIRBHUM,0.5,0.5
