AC_No,AC_Name,BJP_Votes,Total_Electors,TMC_Votes
1,Mekliganj,84653,226465,99338
2,Mathabhanga,113249,248022,87115
3,COOCHBEHAR UTTAR,120483,282988,105868
4,Coochbehar Dakshin,91560,233839,86629
5,Sitalkuchi,124955,285260,107140
6,Sitai,107796,290568,117908
7,Dinhata,116035,299251,115978
8,Natabari,111743,245040,88303
9,Tufanganj,114503,234311,83305
10,Kumargram,111974,272924,100973
11,Kalchini,103104,247425,74528
12,Alipurduars,107333,260652,91326
13,Falakata,102993,254554,99003
14,Madarihat,90718,212651,61033
15,Dhupguri,104688,263118,100333
16,Maynaguri,115306,264265,103395
17,Jalpaiguri,94727,262500,95668
18,Rajganj,88868,244163,104641
19,Dabgram-Fulbari,129088,310354,101495
20,Mal,93621,255570,99086
21,Nagrakata,94722,237305,71247
25,Matigara-Naxalbari,139785,287565,68937
26,Siliguri,89370,228406,53784
27,Phansidewa,105651,240496,77940
28,Chopra,60018,247764,124923
29,Islampur,62691,219728,100131
30,Goalpokhar,32135,224633,105649
31,Chakulia,52474,233378,86311
32,Karandighi,79968,262583,116594
33,Hemtabad,89210,265318,116425
34,Kaliaganj,116768,282575,94948
35,Raiganj,79775,198780,59027
36,Itahar,70670,229362,114645
37,Kushmandi,77384,219921,89968
38,Kumarganj,60396,203986,89763
39,Balurghat,72129,180390,58693
40,Tapan,84381,220236,82731
41,Gangarampur,88724,224040,84132
42,Harirampur,73459,228189,96131
43,Habibpur,94075,249557,74558
44,Gazole,100655,267096,98857
45,Chanchal,48628,249402,115966
46,Harischandrapur,45054,252487,122527
47,Malatipur,34208,231907,126157
48,Ratua,55024,282451,130674
49,Manikchak,76356,253353,110234
50,Maldaha,93398,245962,77942
51,English Bazar,107755,275296,87656
52,Mothabari,40824,196324,97397
53,Sujapur,14789,251186,152445
54,Baisnabnagar,80590,246956,83061
55,Farakka,42374,227549,102319
56,Samserganj,10800,235576,96417
57,Suti,56650,265418,127351
58,Jangipur,43964,255064,136444
59,RaghunathGanj,28521,249559,126834
60,Sagardighi,44983,236885,95189
61,Lalgola,29464,234381,107860
62,Bhagawangola,16707,263765,153795
63,Raninagar,21138,256101,134957
64,Murshidabad,95967,268221,93476
65,Nabagram,64922,251378,100455
66,Khargram,60682,228923,93255
67,Burwan,79141,217500,81890
68,Kandi,57319,238973,95399
69,Bharatpur,53143,243603,96226
70,Rejinagar,50226,259771,118494
71,Beldanga,59030,252944,112862
72,Baharampur,89340,260667,62488
73,Hariharpara,18378,247421,102660
74,Nowda,43531,247688,117684
75,Domkal,12348,266283,127671
76,Jalangi,43773,261258,123840
77,Karimpur,87336,251039,110911
78,Tehatta,90933,252454,97848
79,Palashipara,58938,244867,110274
80,Kaliganj,64709,248358,111696
81,Nakashipara,83541,247691,104812
82,Chapra,58168,248014,73866
83,Krishnanagar Uttar,109357,238220,74268
84,Nabadwip,83599,243159,102170
85,Krishnanagar Dakshin,82433,225118,91738
86,Santipur,109722,255619,93844
87,Ranaghat Uttar Paschim,113637,265846,90509
88,Krishnaganj,117668,273728,96391
89,Ranaghat Uttar Purba,116786,264929,85004
90,Ranaghat Dakshin,119260,285180,102745
91,Chakdaha,99368,245514,87688
92,Kalyani,97026,257683,94820
93,Haringhata,97666,240606,82466
94,Bagda,108111,277464,98319
95,Bangaon Uttar,97761,251387,87273
96,Bangaon Dakshin,97828,248278,95824
97,Gaighata,100808,252053,91230
98,Swarupnagar,64984,246109,99784
99,Baduria,53257,243747,109701
100,Habra,86692,242425,90533
101,Ashoknagar,70055,257180,93587
102,Amdanga,63455,242462,88935
103,Bijpur,53278,192316,66625
104,Naihati,58898,193930,77753
105,Bhatpara,57244,154037,43557
106,Jagatdal,68666,233871,87030
107,Noapara,67493,262153,94203
108,Barrackpur,59665,215356,68887
109,Khardaha,61667,232619,89807
110,Dum Dum Uttar,66966,273015,95465
111,Panihati,61318,230748,86495
112,Kamarhati,38437,197103,73845
113,Baranagar,50468,217774,85615
114,Dum Dum,61268,247858,87999
115,Rajarhat New Town,70942,289075,127374
116,Bidhannagar,67915,243360,75912
117,Rajarhat Gopalpur,62354,257447,87650
118,Madhyamgram,64615,272397,112741
119,Barasat,80648,279592,104431
120,Deganga,38446,242652,100105
121,Haroa,38506,259206,130398
122,Minakhan,53988,236528,109818
123,Sandeshkhali,72765,238633,112450
124,Basirhat Dakshin,91405,275934,115873
125,Basirhat Uttar,47505,268034,137216
126,Hingalganj,79790,228508,104706
127,Gosaba,82014,230348,105723
128,Basanti,60811,260681,111453
129,Kultali,70061,265561,117238
130,Patharpratima,98047,263675,120181
131,Kakdwip,89191,247826,114493
132,Sagar,99154,274715,129000
133,Kulpi,62759,220144,96577
134,Raidighi,80139,273558,115707
135,Mandirbazar,72342,229129,95834
136,Jaynagar,66269,239968,104952
137,Baruipur Purba,73602,265091,123243
138,Canning Paschim,75816,257681,111059
139,Canning Purba,34503,262349,122301
140,Baruipur Paschim,59096,253749,121006
141,Magrahat Purba,56866,242530,110945
142,Magrahat Paschim,50065,229437,97006
143,Diamond Harbour,81482,255132,98478
144,Falta,76405,236768,117179
145,Satgachhia,95317,270193,118635
146,Bishnupur,77677,278650,136509
147,Sonarpur Dakshin,83041,288263,109222
148,Bhangar,38726,271897,83086
149,Kasba,57750,306266,121372
150,Jadavpur,53139,299818,98100
151,Sonarpur Uttar,83867,300330,119957
152,Tollyganj,51360,269713,101440
153,Behala Purba,73540,308285,110968
154,Behala Paschim,63894,313198,114778
155,Maheshtala,66059,271007,124008
156,Budge Budge,77643,256136,122357
157,Metiaburuz,31462,256315,151066
158,Kolkata Port,36989,235933,105543
159,Bhabanipur,44786,206389,73505
160,Rashbehari,44290,206013,65704
161,Ballygunge,31226,247662,106585
162,Chowrangee,24757,208201,70101
163,Entally,43452,230814,101709
164,Beleghata,36042,250881,103182
165,Jorasanko,39380,197950,52123
166,Shyampukur,33265,176557,55785
167,Maniktala,47339,211308,67577
168,Kashipur-Belgachhia,40792,223714,76182
169,Bally,47110,176197,53347
170,Howrah Uttar,66053,218547,71575
171,Howrah Madhya,65007,266542,111554
172,Shibpur,59769,233676,92372
173,Howrah Dakshin,66270,294243,116839
174,Sankrail,71461,277076,111888
175,Panchla,71821,266183,104572
176,Uluberia Purba,69400,233764,86526
177,Uluberia Uttar,70498,224423,91501
178,Uluberia Dakshin,73442,237620,101880
179,Shyampur,83293,257593,114804
180,Bagnan,75922,231216,106042
181,Amta,76240,261881,102445
182,Udaynarayanpur,87512,235467,101510
183,Jagatballavpur,87366,288158,116562
184,Domjur,87879,299250,130499
185,Uttarpara,57889,259814,93878
186,Sreerampur,69588,252758,93021
187,Champdani,70894,263372,100972
188,Singur,75154,246867,101077
189,Chandannagar,55749,229572,86778
190,Chunchura,98687,314274,117104
191,Balagarh,94580,258955,100364
192,Pandua,71016,270503,102874
193,Saptagram,83556,234840,93328
194,Chanditala,61771,263257,103118
195,Jangipara,83959,257025,101885
196,Haripal,87143,269649,110215
197,Dhanekhali,94617,271518,124776
198,Tarakeswar,89214,239820,96698
199,Pursurah,119334,259988,91156
200,Arambag,103108,257621,95936
201,Goghat,102227,246570,98080
202,Khanakul,107403,277259,94519
203,Tamluk,107450,266881,108243
204,Panskura Purba,81553,236306,91213
205,Panskura Paschim,102816,274092,111705
206,Moyna,108109,255164,106849
207,Nandakumar,102775,253829,108181
208,Mahisadal,99600,245266,101986
209,Haldia,104126,251051,89118
210,Nandigram,110764,257999,108808
211,Chandipur,96298,245775,109770
212,Patashpur,95305,236413,105299
213,Kanthi Uttar,113524,257427,104194
214,Bhagabanpur,121480,254184,93931
215,Khejuri,110407,238630,92442
216,Kanthi Dakshin,98477,224657,88184
217,Ramnagar,100105,264900,112622
218,Egra,107272,284614,125763
219,Dantan,94586,233841,95209
220,Nayagram,78149,226791,100903
221,Gopiballavpur,80347,226417,104115
222,Jhargram,71253,236035,109493
223,Keshiary,91036,238835,106366
224,Kharagpur Sadar,79607,234672,75836
225,Narayangarh,98478,243832,100894
226,Sabang,102234,264783,112098
227,Pingla,105779,255054,112435
228,Kharagpur,73497,227081,109727
229,Debra,84624,234184,95850
230,Daspur,87911,298096,114753
231,Ghatal,105812,279908,104846
232,Chandrakona,110565,279867,121846
233,Garbeta,84356,232046,94928
234,Salboni,93376,276940,126020
235,Keshpur,96272,261529,116992
236,Medinipur,96778,280060,121175
237,Binpur,60783,224036,100277
238,Bandwan,94506,284840,113337
239,Balarampur,89521,238113,89098
242,Purulia,89733,258947,82715
243,Manbazar,87782,253708,103298
244,Kashipur,92938,238871,85551
245,Para,87347,243906,83340
246,Raghunathpur,95770,259434,90332
247,Saltora,91648,232517,87503
248,Chhatna,90233,242270,83069
249,Ranibandh,86989,253359,90928
250,Raipur,81645,224604,101043
251,Taldangra,79649,233291,92026
252,Bankura,95466,269829,93998
253,Barjora,90021,250729,93290
254,Onda,104940,256906,93389
255,Bishnupur,89689,219284,78269
256,Katulpur,106022,246785,94237
257,Indus,104936,242938,97716
258,Sonamukhi,98161,233059,87273
259,Khandaghosh,83378,242730,104264
260,Bardhaman Dakshin,82910,257940,91015
261,Raina,90547,258742,108752
262,Jamalpur,79028,235973,96999
263,Monteswar,73655,242229,105460
264,Kalna,88595,241471,96073
265,Memari,81773,254236,104851
266,Bardhaman Uttar,93943,277026,111211
267,Bhatar,76287,246694,108028
268,Purbasthali Dakshin,88288,248533,105698
269,Purbasthali Uttar,85715,252626,92421
270,Katwa,98739,267738,107894
271,Ketugram,87543,258310,100226
272,Mangalkot,85259,251003,107596
273,Ausgram,88577,246956,100392
274,Galsi,90242,256642,109504
275,Pandabeswar,70119,211960,73922
276,Durgapur Purba,75557,256531,79303
277,Durgapur Paschim,91186,269303,76522
278,Raniganj,74608,250813,78164
279,Jamuria,62951,221419,71002
280,Asansol Dakshin,87881,274245,83394
281,Asansol Uttar,79821,275796,100931
282,Kulti,81112,251671,80433
283,Barabani,64973,225596,88430
284,Dubrajpur,98083,241742,94220
285,Suri,98551,263557,105871
286,Bolpur,94163,273896,116443
287,Nanoor,105446,276777,112116
288,Labpur,90448,240044,108423
289,Sainthia,95329,255959,110572
290,Mayureswar,88350,230682,100425
291,Rampurhat,94804,260812,103276
292,Hansan,57676,248113,108289
293,Nalhati,60533,244837,117438
294,Murarai,48250,263200,146496
